<?xml version="1.0" encoding="UTF-8"?>
<definitions xmlns="http://www.omg.org/spec/BPMN/20100524/MODEL" xmlns:bpmndi="http://www.omg.org/spec/BPMN/20100524/DI" xmlns:omgdi="http://www.omg.org/spec/DD/20100524/DI" xmlns:omgdc="http://www.omg.org/spec/DD/20100524/DC" xmlns:xsi="http://www.w3.org/2001/XMLSchema-instance" id="sid-38422fae-e03e-43a3-bef4-bd33b32041b2" targetNamespace="http://bpmn.io/bpmn" exporter="bpmn-js (https://demo.bpmn.io)" exporterVersion="15.1.3">
  <collaboration id="Collaboration_0yr9s6b">
    <participant id="Participant_1m9drsa" name="Making a crash outflow report" processRef="Process_1x9374d" />
  </collaboration>
  <process id="Process_1x9374d">
    <laneSet id="LaneSet_1fl9v9x">
      <lane id="Lane_0m1vjh9" name="Management">
        <flowNodeRef>Event_1237t98</flowNodeRef>
        <flowNodeRef>Activity_0z2szkx</flowNodeRef>
        <flowNodeRef>Activity_1utdj89</flowNodeRef>
      </lane>
      <lane id="Lane_0a2rzxa" name="Officer">
        <flowNodeRef>Activity_1x8q4kg</flowNodeRef>
        <flowNodeRef>Gateway_13mag3c</flowNodeRef>
        <flowNodeRef>Activity_10joy81</flowNodeRef>
        <flowNodeRef>Activity_0oz9dwm</flowNodeRef>
        <flowNodeRef>Gateway_1r2m2xd</flowNodeRef>
        <flowNodeRef>Event_0cqehso</flowNodeRef>
        <flowNodeRef>Event_0t4k2vy</flowNodeRef>
      </lane>
    </laneSet>
    <startEvent id="Event_1237t98">
      <outgoing>Flow_0llam91</outgoing>
    </startEvent>
    <task id="Activity_0z2szkx" name="A">
      <incoming>Flow_0llam91</incoming>
      <outgoing>Flow_02f0gb8</outgoing>
    </task>
    <dataStoreReference id="DataStoreReference_1q825l5" name="cash" />
    <sequenceFlow id="Flow_0llam91" sourceRef="Event_1237t98" targetRef="Activity_0z2szkx" />
    <sequenceFlow id="Flow_02f0gb8" sourceRef="Activity_0z2szkx" targetRef="Activity_1utdj89" />
    <task id="Activity_1utdj89" name="B">
      <incoming>Flow_02f0gb8</incoming>
      <outgoing>Flow_1efj3xm</outgoing>
    </task>
    <sequenceFlow id="Flow_1efj3xm" sourceRef="Activity_1utdj89" targetRef="Activity_1x8q4kg" />
    <task id="Activity_1x8q4kg" name="C">
      <incoming>Flow_1efj3xm</incoming>
      <outgoing>Flow_0eqtixd</outgoing>
      <property id="Property_1no6el7" name="__targetRef_placeholder" />
      <dataInputAssociation id="DataInputAssociation_0ksyssn">
        <sourceRef>DataStoreReference_1q825l5</sourceRef>
        <targetRef>Property_1no6el7</targetRef>
      </dataInputAssociation>
    </task>
    <exclusiveGateway id="Gateway_13mag3c">
      <incoming>Flow_0eqtixd</incoming>
      <outgoing>Flow_17bjfs2</outgoing>
      <outgoing>Flow_0gpe3l4</outgoing>
    </exclusiveGateway>
    <sequenceFlow id="Flow_0eqtixd" sourceRef="Activity_1x8q4kg" targetRef="Gateway_13mag3c" />
    <task id="Activity_10joy81" name="D">
      <incoming>Flow_17bjfs2</incoming>
      <outgoing>Flow_02osqcb</outgoing>
    </task>
    <sequenceFlow id="Flow_17bjfs2" sourceRef="Gateway_13mag3c" targetRef="Activity_10joy81" />
    <task id="Activity_0oz9dwm" name="E">
      <incoming>Flow_02osqcb</incoming>
      <outgoing>Flow_1jo22e9</outgoing>
    </task>
    <sequenceFlow id="Flow_02osqcb" sourceRef="Activity_10joy81" targetRef="Activity_0oz9dwm" />
    <intermediateThrowEvent id="Event_0t4k2vy" name="F">
      <incoming>Flow_0gpe3l4</incoming>
      <outgoing>Flow_03j0ytl</outgoing>
    </intermediateThrowEvent>
    <sequenceFlow id="Flow_0gpe3l4" sourceRef="Gateway_13mag3c" targetRef="Event_0t4k2vy" />
    <sequenceFlow id="Flow_03j0ytl" sourceRef="Event_0t4k2vy" targetRef="Gateway_1r2m2xd" />
    <exclusiveGateway id="Gateway_1r2m2xd">
      <incoming>Flow_03j0ytl</incoming>
      <incoming>Flow_1jo22e9</incoming>
      <outgoing>Flow_04q4cpa</outgoing>
    </exclusiveGateway>
    <sequenceFlow id="Flow_1jo22e9" sourceRef="Activity_0oz9dwm" targetRef="Gateway_1r2m2xd" />
    <sequenceFlow id="Flow_04q4cpa" sourceRef="Gateway_1r2m2xd" targetRef="Event_0cqehso" />
    <endEvent id="Event_0cqehso">
      <incoming>Flow_04q4cpa</incoming>
    </endEvent>
  </process>
  <bpmndi:BPMNDiagram id="BpmnDiagram_1">
    <bpmndi:BPMNPlane id="BpmnPlane_1" bpmnElement="Collaboration_0yr9s6b">
      <bpmndi:BPMNShape id="Participant_1m9drsa_di" bpmnElement="Participant_1m9drsa" isHorizontal="true">
        <omgdc:Bounds x="140" y="77" width="960" height="343" />
        <bpmndi:BPMNLabel />
      </bpmndi:BPMNShape>
      <bpmndi:BPMNShape id="Lane_0m1vjh9_di" bpmnElement="Lane_0m1vjh9" isHorizontal="true">
        <omgdc:Bounds x="170" y="77" width="930" height="178" />
        <bpmndi:BPMNLabel />
      </bpmndi:BPMNShape>
      <bpmndi:BPMNShape id="Lane_0a2rzxa_di" bpmnElement="Lane_0a2rzxa" isHorizontal="true">
        <omgdc:Bounds x="170" y="255" width="930" height="165" />
        <bpmndi:BPMNLabel />
      </bpmndi:BPMNShape>
      <bpmndi:BPMNShape id="Event_1237t98_di" bpmnElement="Event_1237t98">
        <omgdc:Bounds x="262" y="132" width="36" height="36" />
      </bpmndi:BPMNShape>
      <bpmndi:BPMNShape id="Activity_0z2szkx_di" bpmnElement="Activity_0z2szkx">
        <omgdc:Bounds x="350" y="110" width="100" height="80" />
        <bpmndi:BPMNLabel />
      </bpmndi:BPMNShape>
      <bpmndi:BPMNShape id="DataStoreReference_1q825l5_di" bpmnElement="DataStoreReference_1q825l5">
        <omgdc:Bounds x="255" y="345" width="50" height="50" />
        <bpmndi:BPMNLabel>
          <omgdc:Bounds x="268" y="402" width="24" height="14" />
        </bpmndi:BPMNLabel>
      </bpmndi:BPMNShape>
      <bpmndi:BPMNShape id="Activity_1utdj89_di" bpmnElement="Activity_1utdj89">
        <omgdc:Bounds x="510" y="110" width="100" height="80" />
        <bpmndi:BPMNLabel />
      </bpmndi:BPMNShape>
      <bpmndi:BPMNShape id="Activity_1x8q4kg_di" bpmnElement="Activity_1x8q4kg">
        <omgdc:Bounds x="340" y="270" width="100" height="80" />
        <bpmndi:BPMNLabel />
      </bpmndi:BPMNShape>
      <bpmndi:BPMNShape id="Gateway_13mag3c_di" bpmnElement="Gateway_13mag3c" isMarkerVisible="true">
        <omgdc:Bounds x="495" y="285" width="50" height="50" />
      </bpmndi:BPMNShape>
      <bpmndi:BPMNShape id="Activity_10joy81_di" bpmnElement="Activity_10joy81">
        <omgdc:Bounds x="600" y="270" width="100" height="80" />
        <bpmndi:BPMNLabel />
      </bpmndi:BPMNShape>
      <bpmndi:BPMNShape id="Activity_0oz9dwm_di" bpmnElement="Activity_0oz9dwm">
        <omgdc:Bounds x="760" y="270" width="100" height="80" />
        <bpmndi:BPMNLabel />
      </bpmndi:BPMNShape>
      <bpmndi:BPMNShape id="Event_0t4k2vy_di" bpmnElement="Event_0t4k2vy">
        <omgdc:Bounds x="622" y="362" width="36" height="36" />
        <bpmndi:BPMNLabel>
          <omgdc:Bounds x="637" y="405" width="7" height="14" />
        </bpmndi:BPMNLabel>
      </bpmndi:BPMNShape>
      <bpmndi:BPMNShape id="Gateway_1r2m2xd_di" bpmnElement="Gateway_1r2m2xd" isMarkerVisible="true">
        <omgdc:Bounds x="905" y="285" width="50" height="50" />
      </bpmndi:BPMNShape>
      <bpmndi:BPMNShape id="Event_0cqehso_di" bpmnElement="Event_0cqehso">
        <omgdc:Bounds x="1012" y="292" width="36" height="36" />
      </bpmndi:BPMNShape>
      <bpmndi:BPMNEdge id="Flow_0llam91_di" bpmnElement="Flow_0llam91">
        <omgdi:waypoint x="298" y="150" />
        <omgdi:waypoint x="350" y="150" />
      </bpmndi:BPMNEdge>
      <bpmndi:BPMNEdge id="Flow_02f0gb8_di" bpmnElement="Flow_02f0gb8">
        <omgdi:waypoint x="450" y="150" />
        <omgdi:waypoint x="510" y="150" />
      </bpmndi:BPMNEdge>
      <bpmndi:BPMNEdge id="Flow_1efj3xm_di" bpmnElement="Flow_1efj3xm">
        <omgdi:waypoint x="560" y="190" />
        <omgdi:waypoint x="560" y="240" />
        <omgdi:waypoint x="390" y="240" />
        <omgdi:waypoint x="390" y="270" />
      </bpmndi:BPMNEdge>
      <bpmndi:BPMNEdge id="Flow_0eqtixd_di" bpmnElement="Flow_0eqtixd">
        <omgdi:waypoint x="440" y="310" />
        <omgdi:waypoint x="495" y="310" />
      </bpmndi:BPMNEdge>
      <bpmndi:BPMNEdge id="Flow_17bjfs2_di" bpmnElement="Flow_17bjfs2">
        <omgdi:waypoint x="545" y="310" />
        <omgdi:waypoint x="600" y="310" />
      </bpmndi:BPMNEdge>
      <bpmndi:BPMNEdge id="Flow_02osqcb_di" bpmnElement="Flow_02osqcb">
        <omgdi:waypoint x="700" y="310" />
        <omgdi:waypoint x="760" y="310" />
      </bpmndi:BPMNEdge>
      <bpmndi:BPMNEdge id="Flow_0gpe3l4_di" bpmnElement="Flow_0gpe3l4">
        <omgdi:waypoint x="520" y="335" />
        <omgdi:waypoint x="520" y="380" />
        <omgdi:waypoint x="622" y="380" />
      </bpmndi:BPMNEdge>
      <bpmndi:BPMNEdge id="Flow_03j0ytl_di" bpmnElement="Flow_03j0ytl">
        <omgdi:waypoint x="658" y="380" />
        <omgdi:waypoint x="930" y="380" />
        <omgdi:waypoint x="930" y="335" />
      </bpmndi:BPMNEdge>
      <bpmndi:BPMNEdge id="Flow_1jo22e9_di" bpmnElement="Flow_1jo22e9">
        <omgdi:waypoint x="860" y="310" />
        <omgdi:waypoint x="905" y="310" />
      </bpmndi:BPMNEdge>
      <bpmndi:BPMNEdge id="Flow_04q4cpa_di" bpmnElement="Flow_04q4cpa">
        <omgdi:waypoint x="955" y="310" />
        <omgdi:waypoint x="1012" y="310" />
      </bpmndi:BPMNEdge>
      <bpmndi:BPMNEdge id="DataInputAssociation_0ksyssn_di" bpmnElement="DataInputAssociation_0ksyssn">
        <omgdi:waypoint x="305" y="349" />
        <omgdi:waypoint x="340" y="319" />
      </bpmndi:BPMNEdge>
    </bpmndi:BPMNPlane>
  </bpmndi:BPMNDiagram>
</definitions>
