<?xml version="1.0" encoding="UTF-8"?>
<definitions xmlns="http://www.omg.org/spec/BPMN/20100524/MODEL" xmlns:bpmndi="http://www.omg.org/spec/BPMN/20100524/DI" xmlns:omgdi="http://www.omg.org/spec/DD/20100524/DI" xmlns:omgdc="http://www.omg.org/spec/DD/20100524/DC" xmlns:xsi="http://www.w3.org/2001/XMLSchema-instance" id="sid-38422fae-e03e-43a3-bef4-bd33b32041b2" targetNamespace="http://bpmn.io/bpmn" exporter="bpmn-js (https://demo.bpmn.io)" exporterVersion="15.1.3">
  <collaboration id="Collaboration_0yr9s6b">
    <participant id="Participant_1m9drsa" name="Making a crash transaction" processRef="Process_1x9374d" />
  </collaboration>
  <process id="Process_1x9374d">
    <laneSet id="LaneSet_1fl9v9x">
      <lane id="Lane_0m1vjh9" name="Officer">
        <flowNodeRef>Event_1237t98</flowNodeRef>
        <flowNodeRef>Activity_0z2szkx</flowNodeRef>
      </lane>
      <lane id="Lane_0a2rzxa" name="Accountant">
        <flowNodeRef>Activity_1utdj89</flowNodeRef>
        <flowNodeRef>Event_11c55ra</flowNodeRef>
      </lane>
    </laneSet>
    <startEvent id="Event_1237t98">
      <outgoing>Flow_0llam91</outgoing>
    </startEvent>
    <task id="Activity_0z2szkx" name="A">
      <incoming>Flow_0llam91</incoming>
      <outgoing>Flow_02f0gb8</outgoing>
    </task>
    <task id="Activity_1utdj89" name="B">
      <incoming>Flow_02f0gb8</incoming>
      <outgoing>Flow_1fnwhqf</outgoing>
      <dataOutputAssociation id="DataOutputAssociation_135653q">
        <targetRef>DataStoreReference_1q825l5</targetRef>
      </dataOutputAssociation>
    </task>
    <dataStoreReference id="DataStoreReference_1q825l5" name="cash" />
    <endEvent id="Event_11c55ra">
      <incoming>Flow_1fnwhqf</incoming>
    </endEvent>
    <sequenceFlow id="Flow_0llam91" sourceRef="Event_1237t98" targetRef="Activity_0z2szkx" />
    <sequenceFlow id="Flow_02f0gb8" sourceRef="Activity_0z2szkx" targetRef="Activity_1utdj89" />
    <sequenceFlow id="Flow_1fnwhqf" sourceRef="Activity_1utdj89" targetRef="Event_11c55ra" />
  </process>
  <bpmndi:BPMNDiagram id="BpmnDiagram_1">
    <bpmndi:BPMNPlane id="BpmnPlane_1" bpmnElement="Collaboration_0yr9s6b">
      <bpmndi:BPMNShape id="Participant_1m9drsa_di" bpmnElement="Participant_1m9drsa" isHorizontal="true">
        <omgdc:Bounds x="140" y="77" width="440" height="343" />
        <bpmndi:BPMNLabel />
      </bpmndi:BPMNShape>
      <bpmndi:BPMNShape id="Lane_0m1vjh9_di" bpmnElement="Lane_0m1vjh9" isHorizontal="true">
        <omgdc:Bounds x="170" y="77" width="410" height="178" />
        <bpmndi:BPMNLabel />
      </bpmndi:BPMNShape>
      <bpmndi:BPMNShape id="Lane_0a2rzxa_di" bpmnElement="Lane_0a2rzxa" isHorizontal="true">
        <omgdc:Bounds x="170" y="255" width="410" height="165" />
        <bpmndi:BPMNLabel />
      </bpmndi:BPMNShape>
      <bpmndi:BPMNShape id="Event_1237t98_di" bpmnElement="Event_1237t98">
        <omgdc:Bounds x="262" y="132" width="36" height="36" />
      </bpmndi:BPMNShape>
      <bpmndi:BPMNShape id="Activity_0z2szkx_di" bpmnElement="Activity_0z2szkx">
        <omgdc:Bounds x="350" y="110" width="100" height="80" />
        <bpmndi:BPMNLabel />
      </bpmndi:BPMNShape>
      <bpmndi:BPMNShape id="Activity_1utdj89_di" bpmnElement="Activity_1utdj89">
        <omgdc:Bounds x="350" y="280" width="100" height="80" />
        <bpmndi:BPMNLabel />
      </bpmndi:BPMNShape>
      <bpmndi:BPMNShape id="DataStoreReference_1q825l5_di" bpmnElement="DataStoreReference_1q825l5">
        <omgdc:Bounds x="255" y="345" width="50" height="50" />
        <bpmndi:BPMNLabel>
          <omgdc:Bounds x="268" y="402" width="24" height="14" />
        </bpmndi:BPMNLabel>
      </bpmndi:BPMNShape>
      <bpmndi:BPMNShape id="Event_11c55ra_di" bpmnElement="Event_11c55ra">
        <omgdc:Bounds x="502" y="302" width="36" height="36" />
      </bpmndi:BPMNShape>
      <bpmndi:BPMNEdge id="Flow_0llam91_di" bpmnElement="Flow_0llam91">
        <omgdi:waypoint x="298" y="150" />
        <omgdi:waypoint x="350" y="150" />
      </bpmndi:BPMNEdge>
      <bpmndi:BPMNEdge id="Flow_02f0gb8_di" bpmnElement="Flow_02f0gb8">
        <omgdi:waypoint x="400" y="190" />
        <omgdi:waypoint x="400" y="280" />
      </bpmndi:BPMNEdge>
      <bpmndi:BPMNEdge id="Flow_1fnwhqf_di" bpmnElement="Flow_1fnwhqf">
        <omgdi:waypoint x="450" y="320" />
        <omgdi:waypoint x="502" y="320" />
      </bpmndi:BPMNEdge>
      <bpmndi:BPMNEdge id="DataOutputAssociation_135653q_di" bpmnElement="DataOutputAssociation_135653q">
        <omgdi:waypoint x="350" y="320" />
        <omgdi:waypoint x="285" y="320" />
        <omgdi:waypoint x="285" y="345" />
      </bpmndi:BPMNEdge>
    </bpmndi:BPMNPlane>
  </bpmndi:BPMNDiagram>
</definitions>
