<?xml version="1.0" encoding="UTF-8"?>
<definitions xmlns="http://www.omg.org/spec/BPMN/20100524/MODEL" xmlns:bpmndi="http://www.omg.org/spec/BPMN/20100524/DI" xmlns:omgdi="http://www.omg.org/spec/DD/20100524/DI" xmlns:omgdc="http://www.omg.org/spec/DD/20100524/DC" xmlns:xsi="http://www.w3.org/2001/XMLSchema-instance" id="sid-38422fae-e03e-43a3-bef4-bd33b32041b2" targetNamespace="http://bpmn.io/bpmn" exporter="bpmn-js (https://demo.bpmn.io)" exporterVersion="15.1.3">
  <collaboration id="Collaboration_0yr9s6b">
    <participant id="Participant_1m9drsa" name="Making a crash transaction" processRef="Process_1x9374d" />
    <participant id="Participant_02nlgm9" name="Orz" processRef="Process_1ytbprx" />
  </collaboration>
  <process id="Process_1x9374d">
    <laneSet id="LaneSet_1fl9v9x">
      <lane id="Lane_0a2rzxa" name="Accountant">
        <flowNodeRef>Activity_1utdj89</flowNodeRef>
        <flowNodeRef>Event_11c55ra</flowNodeRef>
        <flowNodeRef>Event_1sd3p4r</flowNodeRef>
      </lane>
      <lane id="Lane_0m1vjh9" name="Officer">
        <flowNodeRef>Event_1237t98</flowNodeRef>
        <flowNodeRef>Activity_0z2szkx</flowNodeRef>
        <flowNodeRef>Gateway_0oil6mq</flowNodeRef>
        <flowNodeRef>Gateway_0rix32a</flowNodeRef>
        <flowNodeRef>Activity_0314o34</flowNodeRef>
        <flowNodeRef>Event_1w9ms67</flowNodeRef>
        <flowNodeRef>Gateway_0tsdt0h</flowNodeRef>
        <flowNodeRef>Event_1ph1thg</flowNodeRef>
        <flowNodeRef>Event_0mm74xa</flowNodeRef>
      </lane>
    </laneSet>
    <startEvent id="Event_1237t98">
      <outgoing>Flow_0llam91</outgoing>
    </startEvent>
    <task id="Activity_0z2szkx" name="A">
      <incoming>Flow_0llam91</incoming>
      <outgoing>Flow_02f0gb8</outgoing>
    </task>
    <task id="Activity_1utdj89" name="B">
      <incoming>Flow_02f0gb8</incoming>
      <outgoing>Flow_1fnwhqf</outgoing>
      <dataOutputAssociation id="DataOutputAssociation_135653q">
        <targetRef>DataStoreReference_1q825l5</targetRef>
      </dataOutputAssociation>
    </task>
    <dataStoreReference id="DataStoreReference_1q825l5" name="cash" />
    <endEvent id="Event_11c55ra">
      <incoming>Flow_1fnwhqf</incoming>
    </endEvent>
    <inclusiveGateway id="Gateway_0oil6mq" />
    <complexGateway id="Gateway_0rix32a" />
    <receiveTask id="Activity_0314o34">
      <incoming>Flow_036hspf</incoming>
    </receiveTask>
    <intermediateCatchEvent id="Event_1w9ms67">
      <incoming>Flow_0qzu8em</incoming>
      <messageEventDefinition id="MessageEventDefinition_1yektwi" />
    </intermediateCatchEvent>
    <eventBasedGateway id="Gateway_0tsdt0h">
      <outgoing>Flow_036hspf</outgoing>
      <outgoing>Flow_0qzu8em</outgoing>
      <outgoing>Flow_03c10h7</outgoing>
      <outgoing>Flow_1dmjjuy</outgoing>
      <outgoing>Flow_0i11nnr</outgoing>
    </eventBasedGateway>
    <intermediateCatchEvent id="Event_1ph1thg">
      <incoming>Flow_03c10h7</incoming>
      <timerEventDefinition id="TimerEventDefinition_1e9dyt7" />
    </intermediateCatchEvent>
    <intermediateCatchEvent id="Event_0mm74xa">
      <incoming>Flow_1dmjjuy</incoming>
      <conditionalEventDefinition id="ConditionalEventDefinition_0v8zggz">
        <condition xsi:type="tFormalExpression" />
      </conditionalEventDefinition>
    </intermediateCatchEvent>
    <intermediateCatchEvent id="Event_1sd3p4r">
      <incoming>Flow_0i11nnr</incoming>
      <signalEventDefinition id="SignalEventDefinition_1xpx2zq" />
    </intermediateCatchEvent>
    <sequenceFlow id="Flow_0llam91" sourceRef="Event_1237t98" targetRef="Activity_0z2szkx" />
    <sequenceFlow id="Flow_02f0gb8" sourceRef="Activity_0z2szkx" targetRef="Activity_1utdj89" />
    <sequenceFlow id="Flow_1fnwhqf" sourceRef="Activity_1utdj89" targetRef="Event_11c55ra" />
    <sequenceFlow id="Flow_036hspf" sourceRef="Gateway_0tsdt0h" targetRef="Activity_0314o34" />
    <sequenceFlow id="Flow_0qzu8em" sourceRef="Gateway_0tsdt0h" targetRef="Event_1w9ms67" />
    <sequenceFlow id="Flow_03c10h7" sourceRef="Gateway_0tsdt0h" targetRef="Event_1ph1thg" />
    <sequenceFlow id="Flow_1dmjjuy" sourceRef="Gateway_0tsdt0h" targetRef="Event_0mm74xa" />
    <sequenceFlow id="Flow_0i11nnr" sourceRef="Gateway_0tsdt0h" targetRef="Event_1sd3p4r" />
  </process>
  <process id="Process_1ytbprx">
    <startEvent id="Event_1wjv59t">
      <outgoing>Flow_0mir155</outgoing>
    </startEvent>
    <task id="Activity_00lm0wh" name="hah">
      <incoming>Flow_0mir155</incoming>
      <outgoing>Flow_0go8gvy</outgoing>
    </task>
    <endEvent id="Event_0iyz62z">
      <incoming>Flow_0go8gvy</incoming>
    </endEvent>
    <sequenceFlow id="Flow_0mir155" sourceRef="Event_1wjv59t" targetRef="Activity_00lm0wh" />
    <sequenceFlow id="Flow_0go8gvy" sourceRef="Activity_00lm0wh" targetRef="Event_0iyz62z" />
  </process>
  <bpmndi:BPMNDiagram id="BpmnDiagram_1">
    <bpmndi:BPMNPlane id="BpmnPlane_1" bpmnElement="Collaboration_0yr9s6b">
      <bpmndi:BPMNShape id="Participant_1m9drsa_di" bpmnElement="Participant_1m9drsa" isHorizontal="true">
        <omgdc:Bounds x="140" y="80" width="710" height="410" />
        <bpmndi:BPMNLabel />
      </bpmndi:BPMNShape>
      <bpmndi:BPMNShape id="Lane_0a2rzxa_di" bpmnElement="Lane_0a2rzxa" isHorizontal="true">
        <omgdc:Bounds x="170" y="325" width="680" height="165" />
        <bpmndi:BPMNLabel />
      </bpmndi:BPMNShape>
      <bpmndi:BPMNShape id="Lane_0m1vjh9_di" bpmnElement="Lane_0m1vjh9" isHorizontal="true">
        <omgdc:Bounds x="170" y="80" width="680" height="245" />
        <bpmndi:BPMNLabel />
      </bpmndi:BPMNShape>
      <bpmndi:BPMNShape id="Event_1237t98_di" bpmnElement="Event_1237t98">
        <omgdc:Bounds x="262" y="202" width="36" height="36" />
      </bpmndi:BPMNShape>
      <bpmndi:BPMNShape id="Activity_0z2szkx_di" bpmnElement="Activity_0z2szkx">
        <omgdc:Bounds x="350" y="180" width="100" height="80" />
        <bpmndi:BPMNLabel />
      </bpmndi:BPMNShape>
      <bpmndi:BPMNShape id="Activity_1utdj89_di" bpmnElement="Activity_1utdj89">
        <omgdc:Bounds x="350" y="350" width="100" height="80" />
        <bpmndi:BPMNLabel />
      </bpmndi:BPMNShape>
      <bpmndi:BPMNShape id="DataStoreReference_1q825l5_di" bpmnElement="DataStoreReference_1q825l5">
        <omgdc:Bounds x="255" y="415" width="50" height="50" />
        <bpmndi:BPMNLabel>
          <omgdc:Bounds x="268" y="472" width="24" height="14" />
        </bpmndi:BPMNLabel>
      </bpmndi:BPMNShape>
      <bpmndi:BPMNShape id="Event_11c55ra_di" bpmnElement="Event_11c55ra">
        <omgdc:Bounds x="502" y="372" width="36" height="36" />
      </bpmndi:BPMNShape>
      <bpmndi:BPMNShape id="Gateway_12i1cma_di" bpmnElement="Gateway_0oil6mq">
        <omgdc:Bounds x="495" y="195" width="50" height="50" />
      </bpmndi:BPMNShape>
      <bpmndi:BPMNShape id="Gateway_0m5j0u6_di" bpmnElement="Gateway_0rix32a">
        <omgdc:Bounds x="465" y="255" width="50" height="50" />
      </bpmndi:BPMNShape>
      <bpmndi:BPMNShape id="Activity_0314o34_di" bpmnElement="Activity_0314o34">
        <omgdc:Bounds x="650" y="100" width="100" height="80" />
      </bpmndi:BPMNShape>
      <bpmndi:BPMNShape id="Event_1w9ms67_di" bpmnElement="Event_1w9ms67">
        <omgdc:Bounds x="642" y="192" width="36" height="36" />
      </bpmndi:BPMNShape>
      <bpmndi:BPMNShape id="Gateway_1dxirzx_di" bpmnElement="Gateway_0tsdt0h">
        <omgdc:Bounds x="545" y="185" width="50" height="50" />
      </bpmndi:BPMNShape>
      <bpmndi:BPMNShape id="Event_1ph1thg_di" bpmnElement="Event_1ph1thg">
        <omgdc:Bounds x="642" y="242" width="36" height="36" />
      </bpmndi:BPMNShape>
      <bpmndi:BPMNShape id="Event_0mm74xa_di" bpmnElement="Event_0mm74xa">
        <omgdc:Bounds x="642" y="282" width="36" height="36" />
      </bpmndi:BPMNShape>
      <bpmndi:BPMNShape id="Event_1sd3p4r_di" bpmnElement="Event_1sd3p4r">
        <omgdc:Bounds x="642" y="352" width="36" height="36" />
      </bpmndi:BPMNShape>
      <bpmndi:BPMNEdge id="Flow_0llam91_di" bpmnElement="Flow_0llam91">
        <omgdi:waypoint x="298" y="220" />
        <omgdi:waypoint x="350" y="220" />
      </bpmndi:BPMNEdge>
      <bpmndi:BPMNEdge id="Flow_02f0gb8_di" bpmnElement="Flow_02f0gb8">
        <omgdi:waypoint x="400" y="260" />
        <omgdi:waypoint x="400" y="350" />
      </bpmndi:BPMNEdge>
      <bpmndi:BPMNEdge id="Flow_1fnwhqf_di" bpmnElement="Flow_1fnwhqf">
        <omgdi:waypoint x="450" y="390" />
        <omgdi:waypoint x="502" y="390" />
      </bpmndi:BPMNEdge>
      <bpmndi:BPMNEdge id="Flow_036hspf_di" bpmnElement="Flow_036hspf">
        <omgdi:waypoint x="570" y="185" />
        <omgdi:waypoint x="570" y="140" />
        <omgdi:waypoint x="650" y="140" />
      </bpmndi:BPMNEdge>
      <bpmndi:BPMNEdge id="Flow_0qzu8em_di" bpmnElement="Flow_0qzu8em">
        <omgdi:waypoint x="595" y="210" />
        <omgdi:waypoint x="642" y="210" />
      </bpmndi:BPMNEdge>
      <bpmndi:BPMNEdge id="Flow_03c10h7_di" bpmnElement="Flow_03c10h7">
        <omgdi:waypoint x="570" y="235" />
        <omgdi:waypoint x="570" y="260" />
        <omgdi:waypoint x="642" y="260" />
      </bpmndi:BPMNEdge>
      <bpmndi:BPMNEdge id="Flow_1dmjjuy_di" bpmnElement="Flow_1dmjjuy">
        <omgdi:waypoint x="570" y="235" />
        <omgdi:waypoint x="570" y="300" />
        <omgdi:waypoint x="642" y="300" />
      </bpmndi:BPMNEdge>
      <bpmndi:BPMNEdge id="Flow_0i11nnr_di" bpmnElement="Flow_0i11nnr">
        <omgdi:waypoint x="570" y="235" />
        <omgdi:waypoint x="570" y="370" />
        <omgdi:waypoint x="642" y="370" />
      </bpmndi:BPMNEdge>
      <bpmndi:BPMNShape id="Participant_02nlgm9_di" bpmnElement="Participant_02nlgm9" isHorizontal="true">
        <omgdc:Bounds x="140" y="540" width="600" height="250" />
        <bpmndi:BPMNLabel />
      </bpmndi:BPMNShape>
      <bpmndi:BPMNShape id="Event_1wjv59t_di" bpmnElement="Event_1wjv59t">
        <omgdc:Bounds x="232" y="632" width="36" height="36" />
      </bpmndi:BPMNShape>
      <bpmndi:BPMNShape id="Activity_00lm0wh_di" bpmnElement="Activity_00lm0wh">
        <omgdc:Bounds x="340" y="610" width="100" height="80" />
        <bpmndi:BPMNLabel />
      </bpmndi:BPMNShape>
      <bpmndi:BPMNShape id="Event_0iyz62z_di" bpmnElement="Event_0iyz62z">
        <omgdc:Bounds x="532" y="632" width="36" height="36" />
      </bpmndi:BPMNShape>
      <bpmndi:BPMNEdge id="Flow_0mir155_di" bpmnElement="Flow_0mir155">
        <omgdi:waypoint x="268" y="650" />
        <omgdi:waypoint x="340" y="650" />
      </bpmndi:BPMNEdge>
      <bpmndi:BPMNEdge id="Flow_0go8gvy_di" bpmnElement="Flow_0go8gvy">
        <omgdi:waypoint x="440" y="650" />
        <omgdi:waypoint x="532" y="650" />
      </bpmndi:BPMNEdge>
      <bpmndi:BPMNEdge id="DataOutputAssociation_135653q_di" bpmnElement="DataOutputAssociation_135653q">
        <omgdi:waypoint x="350" y="390" />
        <omgdi:waypoint x="285" y="390" />
        <omgdi:waypoint x="285" y="415" />
      </bpmndi:BPMNEdge>
    </bpmndi:BPMNPlane>
  </bpmndi:BPMNDiagram>
</definitions>
